Workbook

Sheet Leia-me
A1: VOU PRA MISSA — planilha de igrejas
A3: Como usar (3 passos):
A4: 1. Na aba "Igrejas": preencha endereço, telefone, etc. de uma paróquia e escreva SIM na 1ª coluna ("publicar"). Sem SIM a paróquia NÃO aparece no site.
A5: 2. Na aba "Horarios": cada linha é UM horário. Escolha o id da igreja, o tipo, os dias e a hora. Para várias missas, use várias linhas.
A6: 3. Salve (Ctrl+S) e envie este arquivo ao GitHub (pasta "dados"), substituindo o antigo. O site se atualiza sozinho em 1 a 3 minutos.
A8: Como escrever os horários (aba Horarios):
A9: • tipo: missa, confissao, secretaria ou adoracao (use a setinha da célula).
A10: • dias: dom | seg | ter | qua | qui | sex | sab | todos | seg-sex (de segunda a sexta) | ter,qui (terça e quinta) | qua e sex
A11: • hora: 19:30 (ou, para faixa, 16:00-18:00). Também aceita 19h30.
A12: • obs: opcional. Ex.: "Missa com crianças", "Transmissão online".
A14: Colunas úteis da aba Igrejas:
A15: • confirmado_em: data em que a paróquia confirmou os horários (ex.: 15/10/2026). Gera o selo verde "horário confirmado". Passou de 120 dias, o selo fica amarelo.
... A23: Use apenas contatos institucionais da paróquia (secretaria, paróquia), nunca telefone pessoal de padre ou voluntário.

Sheet Igrejas
A1: publicar | B1: id | C1: nome | D1: tipo | E1: uf | F1: cidade | G1: bairro | H1: regiao | I1: diocese | J1: setor | K1: numero_diocese | L1: link_diocese | M1: endereco | N1: telefone | O1: whatsapp | P1: email | Q1: site | R1: instagram | S1: foto | T1: fotos | U1: destaque | V1: sobre | W1: clero | X1: pastorais | Y1: confirmado_em | Z1: paroquia_mae
A2: sim | B2: dsmp-001 | C2: Catedral São Miguel Arcanjo | D2: Catedral | E2: SP | F2: São Paulo | G2: São Miguel Paulista | H2: Zona Leste | I2: Diocese de São Miguel Paulista | J2: São Miguel | K2: 1 | L2: https://www.diocesesaomiguel.org.br/index.php/paroquias/lista-de-paroquias/669-catedral-sao-miguel-arcanjo | M2: Praça Padre Aleixo Monteiro Mafra, 11 - São Miguel Paulista, São Paulo - SP, 08011-010 | N2: (11) 2032-4160 | O2: 11 99908-9747 | P2: catedralsaomiguelarcanjo@hotmail.com | R2: https://www.instagram.com/catedral_sm/?hl=pt | S2: assets/dsmp-001-fachada.jpg | T2: assets/dsmp-001-fachada.jpg; assets/dsmp-001-corredor-central.jpg; assets/dsmp-001-cupula.jpg; assets/dsmp-001-piabatismal.jpg | W2: Pároco: Pe. Rodrigo Floco Porto; Vigário Paroquial: Pe. Rodrigo Lima de Souza; Diácono Assistente Pastoral: Diác. Sandro Venâncio Fernandes; Diácono Cooperador: Diác. Eduardo Yokomizo | Y2: 46310
A3: sim | B3: dsmp-002 | C3: Paróquia da Sagrada Família | D3: Paróquia | E3: SP | F3: São Paulo | G3: Vila Minerva | H3: Zona Leste | I3: Diocese de São Miguel Paulista | J3: Guaianases | K3: 2 | L3: https://www.diocesesaomiguel.org.br/index.php/paroquias/lista-de-paroquias/670-paroquia-da-sagrada-familia-1985 | M3: Rua Gal. Americano Freire, 375 - Vila Minerva Cep: 08440-300 - São Paulo - SP | N3: (11) 2554.3100 | P3: sagradafamiliaguaianases@gmail.com | R3: https://www.instagram.com/psagradafamiliaguaianases/ | S3: assets/dsmp-002-fachada.jpg | T3: assets/dsmp-002-fachada.jpg; assets/dsmp-002-altar.jpg; assets/dsmp-002-altar-2.jpg | W3: Pároco: Pe. Ronnie Von Ferreira de Souza | X3: acolhida; apostolado da oração; batismo; caridade; catequese; coroinhas; dizimo; familiar; grupo de oração; juventude; legião de maria; liturgia; Mães que oram pelos filhos; ministros leigos; músicos; patrimônio; pascom; terço dos homens | Y3: 46310
B4: dsmp-003 | C4: Paróquia da Sagrada Família | D4: Paróquia | E4: SP | F4: São Paulo | G4: Jardim Mabel | H4: Zona Leste | I4: Diocese de São Miguel Paulista | J4: Itaim Paulista | K4: 3 | L4: https://www.diocesesaomiguel.org.br/index.php/paroquias/lista-de-paroquias/671-paroquia-da-sagrada-familia-2001
B5: dsmp-004 | C5: Paróquia da Sagrada Família | D5: Paróquia | E5: SP | F5: São Paulo | G5: Vila Praia | H5: Zona Leste | I5: Diocese de São Miguel Paulista | J5: Ponte Rasa | K5: 4 | L5: https://www.diocesesaomiguel.org.br/index.php/paroquias/lista-de-paroquias/672-paroquia-da-sagrada-familia
B6: dsmp-005 | C6: Paróquia de Jesus Adolescente | D6: Paróquia | E6: SP | F6: São Paulo | G6: Vila Euthália | H6: Zona Leste | I6: Diocese de São Miguel Paulista | J6: Vila Esperança | K6: 5 | L6: https://www.diocesesaomiguel.org.br/index.php/paroquias/lista-de-paroquias/673-5-paroquia-de-jesus-adolescente-setor-vila-esperanca-vila-eutalia
B7: dsmp-006 | C7: Paróquia de Jesus de Nazaré | D7: Paróquia | E7: SP | F7: São Paulo | G7: Jardim Senice | H7: Zona Leste | I7: Diocese de São Miguel Paulista | J7: Silva Telles | K7: 6 | L7: https://www.diocesesaomiguel.org.br/index.php/paroquias/lista-de-paroquias/674-6-paroquia-de-jesus-de-nazare-setor-silva-telles-jardim-senice
B8: dsmp-007 | C8: Paróquia de Nossa Senhora Aparecida | D8: Paróquia | E8: SP | F8: São Paulo | G8: Jardim Três Marias | H8: Zona Leste | I8: Diocese de São Miguel Paulista | J8: Ponte Rasa | K8: 7 | L8: https://www.diocesesaomiguel.org.br/index.php/paroquias/lista-de-paroquias/675-7-paroquia-de-nossa-senhora-aparecida-setor-ponte-rasa-jardim-tres-marias
B9: dsmp-008 | C9: Paróquia de Nossa Senhora Aparecida | D9: Paróquia | E9: SP | F9: São Paulo | G9: Vila Granada | H9: Zona Leste | I9: Diocese de São Miguel Paulista | J9: Artur Alvim | K9: 8 | L9: https://www.diocesesaomiguel.org.br/index.php/paroquias/lista-de-paroquias/676-8-paroquia-de-nossa-senhora-aparecida-setor-artur-alvim-vila-granada
B10: dsmp-009 | C10: Paróquia de Nossa Senhora Aparecida | D10: Paróquia | E10: SP | F10: São Paulo | G10: Vila Nhocuné | H10: Zona Leste | I10: Diocese de São Miguel Paulista | J10: Artur Alvim | K10: 9 | L10: https://www.diocesesaomiguel.org.br/index.php/paroquias/lista-de-paroquias/677-9-paroquia-de-nossa-senhora-aparecida-setor-artur-alvim-vila-nhocune
B11: dsmp-010 | C11: Paróquia de Nossa Senhora Aparecida | D11: Paróquia | E11: SP | F11: São Paulo | G11: Jardim Bandeirantes | H11: Zona Leste | I11: Diocese de São Miguel Paulista | J11: Cidade Líder | K11: 10 | L11: https://www.diocesesaomiguel.org.br/index.php/paroquias/lista-de-paroquias/678-10-paroquia-de-nossa-senhora-aparecida-setor-cidade-lider-jardim-bandeirantes
B12: dsmp-011 | C12: Paróquia de Nossa Senhora Aparecida | D12: Paróquia | E12: SP | F12: São Paulo | G12: Parque Boturussu | H12: Zona Leste | I12: Diocese de São Miguel Paulista | J12: Ermelino Matarazzo | K12: 11 | L12: https://www.diocesesaomiguel.org.br/index.php/paroquias/lista-de-paroquias/679-11-paroquia-de-nossa-senhora-aparecida-setor-ermelino-matarazzo-parque-boturussu
B13: dsmp-012 | C13: Paróquia de Nossa Senhora Aparecida | D13: Paróquia | E13: SP | F13: São Paulo | G13: Itaquera | H13: Zona Leste | I13: Diocese de São Miguel Paulista | J13: Itaquera | K13: 12 | L13: https://www.diocesesaomiguel.org.br/index.php/paroquias/lista-de-paroquias/680-12-paroquia-de-nossa-senhora-aparecida-setor-itaquera-itaquera
B14: dsmp-013 | C14: Paróquia de Nossa Senhora Aparecida | D14: Paróquia | E14: SP | F14: São Paulo | G14: Jardim Helena | H14: Zona Leste | I14: Diocese de São Miguel Paulista | J14: Jardim Helena | K14: 13 | L14: https://www.diocesesaomiguel.org.br/index.php/paroquias/lista-de-paroquias/681-013-paroquia-de-nossa-senhora-aparecida-setor-jardim-helena-jardim-helena
B15: dsmp-014 | C15: Paróquia de Nossa Senhora Aparecida | D15: Paróquia | E15: SP | F15: São Paulo | G15: Vila Pauabe | H15: Zona Leste | I15: Diocese de São Miguel Paulista | J15: Ponte Rasa | K15: 14 | L15: https://www.diocesesaomiguel.org.br/index.php/paroquias/lista-de-paroquias/682-014-paroquia-de-nossa-senhora-aparecida-setor-ponte-rasa-vila-pauabe
... B105: dsmp-104 | C105: Paróquia de São Sebastião Mártir | D105: Paróquia | E105: SP | F105: São Paulo | G105: Vila Nova Itaim | H105: Zona Leste | I105: Diocese de São Miguel Paulista | J105: Itaim Paulista | K105: 104 | L105: https://www.diocesesaomiguel.org.br/index.php/paroquias/lista-de-paroquias/1113-area-pastoral-sao-sebastiao-martir-setor-itaim-paulista-vila-nova-itaim
B106: dsmp-105 | C106: Área Pastoral Nossa Senhora do Perpétuo Socorro | D106: Área Pastoral | E106: SP | F106: São Paulo | G106: Jardim Helian | H106: Zona Leste | I106: Diocese de São Miguel Paulista | J106: Itaquera | L106: https://www.diocesesaomiguel.org.br/index.php/paroquias/lista-de-paroquias/1111-area-pastoral-nossa-senhora-do-perpetuo-socorro-setor-itaquera-jardim-helian
B107: dsmp-106 | C107: Área Pastoral São Benedito o Negro | D107: Área Pastoral | E107: SP | F107: São Paulo | G107: Parque Cruzeiro do Sul | H107: Zona Leste | I107: Diocese de São Miguel Paulista | J107: Ermelino Matarazzo | L107: https://www.diocesesaomiguel.org.br/index.php/paroquias/lista-de-paroquias/1112-area-pastoral-sao-benedito-o-negro-setor-ermelino-matarazzo-parque-cruzeiro-do-sul
B108: dsmp-107 | C108: Comunidade Santa Terezinha | D108: Comunidade | E108: SP | F108: São Paulo | G108: Jardim Jaú | H108: Zona Leste | I108: Diocese de São Miguel Paulista | J108: Cangaíba | L108: https://www.diocesesaomiguel.org.br/index.php/paroquias/lista-de-paroquias/1116-comunidade-santa-terezinha-setor-cangaiba-jardim-jau
B109: dsmp-108 | C109: Comunidade São José do Tabor | D109: Comunidade | E109: SP | F109: São Paulo | G109: Jardim São Gonçalo | H109: Zona Leste | I109: Diocese de São Miguel Paulista | J109: Cidade Líder | L109: https://www.diocesesaomiguel.org.br/index.php/paroquias/lista-de-paroquias/1114-comunidade-sao-jose-do-tabor-setor-cidade-lider-jardim-sao-goncalo

Sheet Horarios
A1: id_igreja | B1: tipo | C1: dias | D1: hora | E1: obs | F1: igreja (automático)
A2: dsmp-001 | B2: missa | C2: dom | D2: 08:00 | F2: =IF(A2="","",IFERROR(VLOOKUP(A2,Igrejas!$B$2:$C$500,2,FALSE),"id não encontrado")) -> Catedral São Miguel Arcanjo
A3: dsmp-001 | B3: missa | C3: dom | D3: 10:00 | F3: =IF(A3="","",IFERROR(VLOOKUP(A3,Igrejas!$B$2:$C$500,2,FALSE),"id não encontrado")) -> Catedral São Miguel Arcanjo
A4: dsmp-001 | B4: missa | C4: dom | D4: 19:00 | F4: =IF(A4="","",IFERROR(VLOOKUP(A4,Igrejas!$B$2:$C$500,2,FALSE),"id não encontrado")) -> Catedral São Miguel Arcanjo
A5: dsmp-001 | B5: missa | C5: seg-sab | D5: 12:00 | F5: =IF(A5="","",IFERROR(VLOOKUP(A5,Igrejas!$B$2:$C$500,2,FALSE),"id não encontrado")) -> Catedral São Miguel Arcanjo
A6: dsmp-001 | B6: missa | C6: seg,sex | D6: 16:00 | F6: =IF(A6="","",IFERROR(VLOOKUP(A6,Igrejas!$B$2:$C$500,2,FALSE),"id não encontrado")) -> Catedral São Miguel Arcanjo
A7: dsmp-001 | B7: missa | C7: qua | D7: 19:30 | F7: =IF(A7="","",IFERROR(VLOOKUP(A7,Igrejas!$B$2:$C$500,2,FALSE),"id não encontrado")) -> Catedral São Miguel Arcanjo
A8: dsmp-001 | B8: missa | C8: qui,sab | D8: 18:00 | E8: Capela | F8: =IF(A8="","",IFERROR(VLOOKUP(A8,Igrejas!$B$2:$C$500,2,FALSE),"id não encontrado")) -> Catedral São Miguel Arcanjo
A9: dsmp-001 | B9: confissao | C9: qua | D9: 17:00-19:00 | F9: =IF(A9="","",IFERROR(VLOOKUP(A9,Igrejas!$B$2:$C$500,2,FALSE),"id não encontrado")) -> Catedral São Miguel Arcanjo
A10: dsmp-001 | B10: confissao | C10: qui-sab | D10: 09:00-11:30 | F10: =IF(A10="","",IFERROR(VLOOKUP(A10,Igrejas!$B$2:$C$500,2,FALSE),"id não encontrado")) -> Catedral São Miguel Arcanjo
A11: dsmp-002 | B11: missa | C11: dom | D11: 07:00 | F11: =IF(A11="","",IFERROR(VLOOKUP(A11,Igrejas!$B$2:$C$500,2,FALSE),"id não encontrado")) -> Paróquia da Sagrada Família
A12: dsmp-002 | B12: missa | C12: dom | D12: 09:00 | F12: =IF(A12="","",IFERROR(VLOOKUP(A12,Igrejas!$B$2:$C$500,2,FALSE),"id não encontrado")) -> Paróquia da Sagrada Família
A13: dsmp-002 | B13: missa | C13: dom | D13: 19:00 | F13: =IF(A13="","",IFERROR(VLOOKUP(A13,Igrejas!$B$2:$C$500,2,FALSE),"id não encontrado")) -> Paróquia da Sagrada Família
A14: dsmp-002 | B14: missa | C14: seg | D14: 19:00 | F14: =IF(A14="","",IFERROR(VLOOKUP(A14,Igrejas!$B$2:$C$500,2,FALSE),"id não encontrado")) -> Paróquia da Sagrada Família
A15: dsmp-002 | B15: confissao | C15: sex | D15: 14:00 | F15: =IF(A15="","",IFERROR(VLOOKUP(A15,Igrejas!$B$2:$C$500,2,FALSE),"id não encontrado")) -> Paróquia da Sagrada Família
A16: dsmp-002 | B16: confissao | C16: sab | D16: 09:00 | F16: =IF(A16="","",IFERROR(VLOOKUP(A16,Igrejas!$B$2:$C$500,2,FALSE),"id não encontrado")) -> Paróquia da Sagrada Família
A17: dsmp-002 | B17: secretaria | C17: seg-sex | D17: 09:00-12:00, 13:00-16:00 | F17: =IF(A17="","",IFERROR(VLOOKUP(A17,Igrejas!$B$2:$C$500,2,FALSE),"id não encontrado")) -> Paróquia da Sagrada Família
A18: dsmp-002 | B18: secretaria | C18: sab | D18: 09:00-12:00 | F18: =IF(A18="","",IFERROR(VLOOKUP(A18,Igrejas!$B$2:$C$500,2,FALSE),"id não encontrado")) -> Paróquia da Sagrada Família
F19: =IF(A19="","",IFERROR(VLOOKUP(A19,Igrejas!$B$2:$C$500,2,FALSE),"id não encontrado"))
F20: =IF(A20="","",IFERROR(VLOOKUP(A20,Igrejas!$B$2:$C$500,2,FALSE),"id não encontrado"))
F21: =IF(A21="","",IFERROR(VLOOKUP(A21,Igrejas!$B$2:$C$500,2,FALSE),"id não encontrado"))
F22: =IF(A22="","",IFERROR(VLOOKUP(A22,Igrejas!$B$2:$C$500,2,FALSE),"id não encontrado"))
F23: =IF(A23="","",IFERROR(VLOOKUP(A23,Igrejas!$B$2:$C$500,2,FALSE),"id não encontrado"))
F24: =IF(A24="","",IFERROR(VLOOKUP(A24,Igrejas!$B$2:$C$500,2,FALSE),"id não encontrado"))
F25: =IF(A25="","",IFERROR(VLOOKUP(A25,Igrejas!$B$2:$C$500,2,FALSE),"id não encontrado"))
F26: =IF(A26="","",IFERROR(VLOOKUP(A26,Igrejas!$B$2:$C$500,2,FALSE),"id não encontrado"))
F27: =IF(A27="","",IFERROR(VLOOKUP(A27,Igrejas!$B$2:$C$500,2,FALSE),"id não encontrado"))
F28: =IF(A28="","",IFERROR(VLOOKUP(A28,Igrejas!$B$2:$C$500,2,FALSE),"id não encontrado"))
F29: =IF(A29="","",IFERROR(VLOOKUP(A29,Igrejas!$B$2:$C$500,2,FALSE),"id não encontrado"))
F30: =IF(A30="","",IFERROR(VLOOKUP(A30,Igrejas!$B$2:$C$500,2,FALSE),"id não encontrado"))
... F1201: =IF(A1201="","",IFERROR(VLOOKUP(A1201,Igrejas!$B$2:$C$500,2,FALSE),"id não encontrado"))
